{
  "main": {
    "id": "d84d26793551f705",
    "type": "split",
    "children": [
      {
        "id": "45527404c3fd3b21",
        "type": "tabs",
        "children": [
          {
            "id": "ae39fe19ffbb2efe",
            "type": "leaf",
            "state": {
              "type": "graph",
              "state": {}
            }
          }
        ]
      }
    ],
    "direction": "vertical"
  },
  "left": {
    "id": "a6a2e345af771de7",
    "type": "split",
    "children": [
      {
        "id": "a62239bebb7bbede",
        "type": "tabs",
        "children": [
          {
            "id": "a40c08c8c988e5e9",
            "type": "leaf",
            "state": {
              "type": "file-explorer",
              "state": {
                "sortOrder": "alphabetical"
              }
            }
          },
          {
            "id": "6037094ea197c41c",
            "type": "leaf",
            "state": {
              "type": "search",
              "state": {
                "query": "",
                "matchingCase": false,
                "explainSearch": false,
                "collapseAll": false,
                "extraContext": false,
                "sortOrder": "alphabetical"
              }
            }
          },
          {
            "id": "d3ccf1b4d428ff12",
            "type": "leaf",
            "state": {
              "type": "bookmarks",
              "state": {}
            }
          }
        ]
      }
    ],
    "direction": "horizontal",
    "width": 442.5
  },
  "right": {
    "id": "b2499977545706e3",
    "type": "split",
    "children": [
      {
        "id": "8539427207bbedcf",
        "type": "tabs",
        "children": [
          {
            "id": "57baee20a03aebfe",
            "type": "leaf",
            "state": {
              "type": "backlink",
              "state": {
                "collapseAll": false,
                "extraContext": false,
                "sortOrder": "alphabetical",
                "showSearch": false,
                "searchQuery": "",
                "backlinkCollapsed": false,
                "unlinkedCollapsed": true
              }
            }
          },
          {
            "id": "33ca2b90ae45eec6",
            "type": "leaf",
            "state": {
              "type": "outgoing-link",
              "state": {
                "linksCollapsed": false,
                "unlinkedCollapsed": true
              }
            }
          },
          {
            "id": "a9df8bd63cb8463a",
            "type": "leaf",
            "state": {
              "type": "tag",
              "state": {
                "sortOrder": "frequency",
                "useHierarchy": true
              }
            }
          },
          {
            "id": "ff4f79d3188308f2",
            "type": "leaf",
            "state": {
              "type": "outline",
              "state": {}
            }
          }
        ]
      }
    ],
    "direction": "horizontal",
    "width": 300,
    "collapsed": true
  },
  "left-ribbon": {
    "hiddenItems": {
      "switcher:Open quick switcher": false,
      "graph:Open graph view": false,
      "canvas:Create new canvas": false,
      "daily-notes:Open today's daily note": false,
      "templates:Insert template": false,
      "command-palette:Open command palette": false
    }
  },
  "active": "ae39fe19ffbb2efe",
  "lastOpenFiles": [
    "Untitled.canvas",
    "Week 5 - Perfect competition.md",
    "Formulas.md",
    "Pasted image 20240921035033.png",
    "Supply in long run.md",
    "Pasted image 20240921033026.png",
    "Pasted image 20240921032610.png",
    "Pasted image 20240921031528.png",
    "Pasted image 20240921031401.png",
    "Pasted image 20240921031100.png",
    "Supply in short run.md",
    "Profit and losses in the short run.md",
    "Pasted image 20240921030053.png",
    "Pasted image 20240921030044.png",
    "Content.md",
    "Week 4 - Market Equilibrium and welfare. Elasticity.md",
    "Elasticity.md",
    "Income elasticity.md",
    "Cross-price elasticity.md",
    "Elasticity of supply.md",
    "Elasticity and revenue.md",
    "Pasted image 20240921015813.png",
    "Pasted image 20240921015313.png",
    "Price elasticity of demand.md",
    "Pareto efficiency.md",
    "Competitive market outcome.md",
    "Welfare.md",
    "Producer surplus.md",
    "Consumer surplus.md",
    "Market equilibrium.md",
    "Comparative static analysis.md",
    "Excess demand.md",
    "Excess supply.md",
    "Week 3 -  Supply and demand.md",
    "Demand.md",
    "Benefit and WTP.md"
  ]
}